Firm ID,ID,Firm:,Status,"Approval
Date",Street 1,City/Town,"Zip/Postal
Code",State,
12420,21870,101 LIVESTOCK SUPPLY CO,Approved,"Feb 27, 2024",4410 HWY 101,AROMAS,95004-9641,CA,SAN BENITO
859485,859547,3V FEED & GARDEN SUPPLY INC,Approved,"Jan 25, 2024",28342 HWY 145,MADERA,93636,CA,
496878,910777,"A BETTER WAY PET CARE -
NATURES FARMACY WEST",Approved,"Jan 31, 2024",44830 VALLEY CENTRAL WAY,LANCASTER,93536,CA,"LOS
ANGELES"
546778,546779,ACADEMY FEED & CLOVIS FEED,Expired,"Jun 30, 2022",494 S. ACADEMY AVE,SANGER,93657,CA,
546778,552091,ACADEMY FEED & CLOVIS FEED,Expired,"Feb 23, 2022",1490 TOLLHOUSE RD,CLOVIS,93611,CA,FRESNO
571947,571948,ACTON FOX FEED,Expired,"Feb 23, 2022",3542 GILLESPIE AVE,ACTON,93510,CA,
68665,74653,ADAMS FEED AND SUPPLY INC,Approved,"Feb 8, 2024",8707 COMPTON AVE,LOS ANGELES,90002,CA,"LOS
ANGELES"
842953,842956,AGTECH INC,Approved,"Feb 23, 2024",8801 ANDERSON AVE,MANHATTAN,66503,KS,
10296,22199,ALL PET FEED & TACK,Approved,"Feb 23, 2024",25578 BASE LINE ST,"SAN
BERNARDINO",92410-4234,CA,"SAN
BERNARDIN
O"
740122,740123,ALL VETERINARY SUPPLY INC,Approved,"Feb 22, 2024",8115 NW 33 STREET,DORAL,33122,FL,
861093,861097,AMERICAN HORSE PRODUCTS,Approved,"Jan 3, 2024",31896 PLAZA DRIVE,"SAN JUAN
CAPISTRANO",92675,CA,ORANGE
858861,865309,AMERICAN PHARMA CORP,Approved,"Jan 2, 2024","619 CROUCH STREET SUITE 200,
SECOND FLO",Oceanside,92054,CA,
12695,22187,"ANDERSON FARM & YARD
SUPPLY",Approved,"Feb 23, 2024",2715 S HWY 273,ANDERSON,96007-4236,CA,SHASTA
553483,553486,"ANDERSON VALLEY FARM
SUPPLY LLC",Expired,"Feb 18, 2022",7050 HWY 128,PHILO,95466,CA,
209711,555940,"ANIMAL HEALTH
INTERNATIONAL INC",Approved,"Jan 3, 2024",830 ENOS LANE,BAKERSFIELD,93314,CA,KERN
209711,555956,"ANIMAL HEALTH
INTERNATIONAL INC",Approved,"Jan 3, 2024",8711 WEST DOE AVE,VISALIA,93291,CA,
209711,556327,"ANIMAL HEALTH
INTERNATIONAL INC",Approved,"Jan 3, 2024",1908 ROCKEFELLER DRIVE,CERES,95307,CA,STANISLAUS
209711,556329,"ANIMAL HEALTH
INTERNATIONAL INC",Approved,"Jan 3, 2024",1906 EAST CEDAR,ONTARIO,91761,CA,
209711,556331,"ANIMAL HEALTH
INTERNATIONAL INC",Approved,"Jan 3, 2024",800 MONTE VISTA,DINUBA,93291,CA,TULARE
209711,556332,"ANIMAL HEALTH
INTERNATIONAL INC",Approved,"Jan 3, 2024",1115 METZGER STREET,RED BLUFF,96080,CA,
854796,933882,"ANZA HBRF LLC DBA ANZA
VALLEY TRUE VALUE",Renew,"Mar 24, 2023",56350 CA-371,ANZA,92539,CA,RIVERSIDE
12455,21912,APPLE VALLEY FEED BIN,Expired,"Jan 11, 2023",21942 BEAR VALLEY RD,APPLE VALLEY,92308-5508,CA,
855657,855665,ARMSTRONG FEED AND SUPPLY,Approved,"Jan 22, 2024",28520 COLE GRADE ROAD,VALLEY CENTER,92082,CA,SAN DIEGO
12659,22146,"AROMAS FEED & RANCH
SUPPLY",Expired,"Mar 8, 2019",320 CARPENTERIA RD,AROMAS,95004-9605,CA,
12408,97607,"ASKEY ENTERPRISES INC DBA
WILBUR’S FEED & SEED",Approved,"Feb 29, 2024",139 MEYERS STREET,CHICO,95928,CA,BUTTE
11007,555929,"ASPEN VETERINARY
RESOURCES LTD",Approved,"Jan 3, 2024",3155 HEARTLAND DRIVE,LIBERTY,64068,MO,
12507,21973,ATASCADERO HAY & FEED,Expired,"Jan 5, 2021",6155 VIA AVE,ATASCADERO,93422-4316,CA,"SAN LUIS
OBISPO"
12698,967458,ATWATER FEED,Approved,"Jan 10, 2024",201 BUSINESS PARK WAY,ATWATER,95301,CA,
550716,550717,AUBERRY FEED STATION,Approved,"Feb 23, 2024",32970 AUBERRY RD,AUBERRY,93602,CA,FRESNO
10840,879344,BARAJAS FEED AND SUPPLY,Approved,"Mar 7, 2024",1007 N MT VERNON AVE,"SAN
BERNARDINO",92411,CA,
550341,550343,BARNYARD FEED & SUPPLY LLC,Expired,"Mar 24, 2021",847 N. PLEASANT AVE,FRESNO,93728,CA,FRESNO
349433,349642,"BIG HORSE FEED AND
MERCANTILE",Expired,"Jan 31, 2023",33320 TEMECULA PARKWAY,TEMECULA,92592,CA,
12391,21839,BLACKSMITH'S CORNER INC,Approved,"Feb 23, 2024",17647 LAKEWOOD BLVD,BELLFLOWER,90706-6409,CA,"LOS
ANGELES"
672629,700476,"BOEHRINGER INGELHEIM
ANIMAL HEALTH USA INC",Approved,"Jan 4, 2024",3239 SATELLITE BOULEVARD,DULUTH,30096,GA,
716169,716170,"BOONES FARM AND FEED
SUPPLY",Approved,"Jan 12, 2024",1930 PEARL STREET,OROVILLE,95966,CA,BUTTE
12689,22181,BOONES FEED,Approved,"Jan 9, 2024",432 E EL SEGUNDO BLVD,COMPTON,90222-2317,CA,
12572,22050,"BOOTJACK EQUIPMENT RENTAL
& FEED SUPPLY",Approved,"Feb 23, 2024",5039 COLE RD,MARIPOSA,95338-9601,CA,MARIPOSA
12386,21833,BRADLEY'S RAY FEED STORE,Approved,"Mar 7, 2024",6228 MARYSVILLE RD,BROWNS VALLEY,95918-9703,CA,
12392,21840,"BRADSHAW FEED SADDLE &
TACK",Approved,"Jan 2, 2024",7285 BRADSHAW RD,SACRAMENTO,95829-1040,CA,"SACRAMENT
O"
966334,966341,"BRANDED FEED AND FARM
SUPPLY",Approved,"Jan 4, 2024",4475 BUCK OWENS BLVD,BAKERSFIELD,93308,CA,
628605,628683,BROCCOS OLD BARN,Expired,"Jan 31, 2022",19660 ARNOLD DR,SONOMA,95476,CA,SONOMA
906514,923654,BROKEN HORN LLC,Approved,"Jan 22, 2024",4120 MAINE AVE,BALDWIN PARK,91706,CA,
710318,710319,BUCHANANS FEED LLC,Approved,"Jan 3, 2024",833 HIGHWAY 49,SAN ANDREAS,95249,CA,CALAVARAS
12396,21844,BUCKE'S FEED & GRAIN,Expired,"Mar 6, 2023",1308 RAILROAD AVE,ORLAND,95963-1674,CA,
12571,22049,C BAR D FEED,Approved,"Feb 22, 2024",3388-A HWY 32,CHICO,95973,CA,BUTTE
897551,924670,C L SMITH HAY & GRAIN,Approved,"Jan 9, 2024",1387 W. RAMONA EXPRESSWAY,SAN JACINTO,92581,CA,
891581,891974,C&J FEED BARN,Expired,"Jan 12, 2023",350 OLD WOMAN SPRINGS RD,YUCCA VALLEY,92284,CA,"SAN
BERNARDIN
O"
12601,22082,CARL'S FEED & SUPPLY,Approved,"Jan 16, 2024",811 NORTH TEHAMA ST,WILLOWS,95988-2114,CA,
550850,550852,CARTER'S HAY & GRAIN,Expired,"Mar 6, 2023",10227 PALM ROW DRIVE,LAKESIDE,92040,CA,SAN DIEGO
461078,461079,CERRI FAMILY FEED,Approved,"Jan 3, 2024",2949 S. AIRPORT WAY,STOCKTON,95206,CA,
12422,21872,"CHERRY VALLEY FEED & PET
SUPPLY",Approved,"Mar 7, 2024",39245 VINELAND ST,CHERRY VALLEY,92223-4437,CA,RIVERSIDE
744112,744113,CIRCLE C COUNTRY SUPPLY,Approved,"Feb 29, 2024",507 S LAWRENCE STREET,BAZINE,67516,KS,
12401,21849,CLIFTON & WARREN,Approved,"Jan 4, 2024",574 PLACERVILLE DR,PLACERVILLE,95667-4213,CA,EL DORADO
12402,21850,CLOSE FEED & SUPPLY,Approved,"Mar 7, 2024",727 INDUSTRIAL PKWY W,HAYWARD,94544-7116,CA,
12404,21852,CONCORD FEED & FUEL INC,Approved,"Jan 16, 2024",5288 B CLAYTON RD,CONCORD,94521-3203,CA,"CONTRA
COSTA"
12404,21853,CONCORD FEED & FUEL INC,Approved,"Jan 16, 2024",228 HOOKSTON RD,PLEASANT HILL,94523-3921,CA,
12404,246611,CONCORD FEED & FUEL INC,Approved,"Jan 16, 2024",7104 DUBLIN BLVD,DUBLIN,94568,CA,ALAMEDA
12404,914147,CONCORD FEED & FUEL INC,Approved,"Jan 16, 2024",235 EAST PERKINS ST,UKIAH,95482-4401,CA,
12404,914148,CONCORD FEED & FUEL INC,Approved,"Jan 16, 2024",1975 ARGONAUT RD,LAKEPORT,95453,CA,LAKE
12404,914307,CONCORD FEED & FUEL INC,Approved,"Jan 16, 2024",21713 SOUTH HIGHWAY 29,MIDDLETOWN,95461,CA,
12576,22054,CONLIN SUPPLY CO INC,Approved,"Jan 3, 2024",520 WARNERVILLE RD,OAKDALE,95361-9404,CA,STANISLAUS
12625,22107,COOL FEED & RANCH SUPPLY,Approved,"Jan 12, 2024",2968 HWY 49 STE M,COOL,95614-0000,CA,
10126,22192,COOPER HARDWARE INC,Approved,"Feb 29, 2024",13871 FOOTHILL BLVD,SYLMAR,91342-3013,CA,"LOS
ANGELES"
556495,556496,"COUNTRY AG FEED &
HARDWARE INC",Approved,"Mar 7, 2024",40224 ROAD 74,DINUBA,93618,CA,
866236,866372,COUNTRY CLUB HAY & FEED,Approved,"Jan 25, 2024",3771 SIERRA HWY,ACTON,93560,CA,"LOS
ANGELES"
12619,22101,COUNTRY FEED STORE,Approved,"Jan 10, 2024",2111 E VISTA WY,VISTA,92084-2703,CA,
624474,624495,COUNTRY HILL FEED,Approved,"Feb 23, 2024",151 CASSERLY ROAD,WATSONVILLE,95076,CA,SANTA CRUZ
702382,989294,COVETRUS NORTH AMERICA,Approved,"Feb 21, 2024",3850 TWIN CREEKS DRIVE,COLUMBUS,43204,OH,
702382,989297,COVETRUS NORTH AMERICA,Approved,"Feb 21, 2024",5999 BIXBY ROAD,Canal Winchester,43110,OH,
702382,989305,COVETRUS NORTH AMERICA,Approved,"Feb 21, 2024",1499 ZEAGER RD,Elizabethtown,17022,PA,
702382,989342,COVETRUS NORTH AMERICA,Approved,"Feb 21, 2024",4296 ALBANY STREET,ALBANY,12205,NY,
702382,989345,COVETRUS NORTH AMERICA,Approved,"Feb 21, 2024",1908 RUFFIN MILL ROAD,"COLONIAL
HEIGHTS",23834,VA,
702382,989356,COVETRUS NORTH AMERICA,Approved,"Feb 21, 2024",2150 BOGGS RD,DULUTH,30096,GA,
702382,989824,COVETRUS NORTH AMERICA,Approved,"Feb 21, 2024",2671 SW 60TH STREET,OCALA,34474,FL,
702382,989825,COVETRUS NORTH AMERICA,Approved,"Feb 21, 2024",920 CITATION BLVD,LEXINGTON,40511,KY,
702382,989826,COVETRUS NORTH AMERICA,Approved,"Feb 21, 2024",1085 STATELINE ROAD E,SOUTHAVEN,38671,MS,
702382,989827,COVETRUS NORTH AMERICA,Approved,"Feb 21, 2024",11300 MEREDITH DRIVE,URBANDALE,50322,IA,
702382,989828,COVETRUS NORTH AMERICA,Approved,"Feb 21, 2024",14800 FAA BLVD,FT. WORTH,76155,TX,
702382,989829,COVETRUS NORTH AMERICA,Approved,"Feb 21, 2024",7940 W. DOE AVENUE,VISALIA,93291,CA,TULARE
702382,989830,COVETRUS NORTH AMERICA,Approved,"Feb 21, 2024",19905 S.W. 95TH AVE,TUALATIN,97062,OR,
702382,989831,COVETRUS NORTH AMERICA,Approved,"Feb 21, 2024",13250 EAST SMITH RD,AURORA,80011,CO,
930228,930229,COWBOYS FEED BIN LLC,Expired,"Mar 13, 2023",16770 YUCCA ST,HESPERIA,92356,CA,
982183,982890,CPP HEALTH,Approved,"Jan 17, 2024",3157 CORPORATE PLACE,HAYWARD,94545,CA,ALAMEDA
12587,22068,CRESCENT CITY HAY & FEED,Approved,"Feb 29, 2024",160 ELK VALLEY RD,CRESCENT CITY,95531-4455,CA,
12628,550331,CSR SUMMITT INC,Approved,"Feb 23, 2024",288 BUSINESS PARKWAY,ATWATER,95301,CA,MERCED
12411,21860,DADANT & SONS INC,Approved,"Jan 10, 2024",15 C VALLEY COURT,CHICO,95973-0171,CA,
12411,460545,DADANT & SONS INC,Approved,"Jan 10, 2024",3914 N WINERY AVE,FRESNO,93727,CA,FRESNO
12680,22171,DAMOOR'S FEED & TACK,Approved,"Feb 23, 2024",1532 RIVERSIDE DR,GLENDALE,91201-2909,CA,
10685,22226,DAN'S FEED & SEED INC,Approved,"Jan 2, 2024",240 E 4TH ST,PERRIS,92570-2250,CA,RIVERSIDE
10685,22227,DAN'S FEED & SEED INC,Approved,"Jan 2, 2024",41065 FIRST ST,TEMECULA,92590-2711,CA,
858688,858690,DAZEY'S SUPPLY ARCATA,Approved,"Jan 30, 2024",5307 BOYD ROAD,ARCATA,95521,CA,HUMBOLDT
519801,519807,DIAMOND D FEED,Approved,"Feb 23, 2024",3917 MAIN ST,COTTONWOOD,96022,CA,
12584,22065,DIAMOND VALLEY MARKET,Approved,"Feb 23, 2024",32230 SAGE RD,HEMET,92544-9519,CA,
12439,21894,DOUBLE DIAMOND TACK & FEED,Approved,"Jan 3, 2024",692 PLEASANT VALLEY RD,"DIAMOND
SPRINGS",95619-9241,CA,
12544,22015,DOUBLE S TACK & FEED CO,Expired,"Oct 4, 2023",14335 OLDE HWY 80,EL CAJON,92021-2841,CA,SAN DIEGO
349428,349441,"DOUGLAS FEED AND RANCH
SUPPLY INC",Approved,"Jan 4, 2024",5460 DOUGLAS BLVD,GRANITE BAY,95746,CA,
855656,855796,EAST HILLS FEED & SUPPLY,Approved,"Jan 16, 2024",7500 MULLER ROAD,BAKERSFIELD,93307,CA,KERN
842943,842945,EAST MAIN FEED STORE,Approved,"Feb 22, 2024",4425 E MAIN STREET,STOCKTON,95215,CA,
12418,21868,EAST VALLEY FEED & TACK,Approved,"Jan 3, 2024",11084 SHELDON ST,SUN VALLEY,91352-1146,CA,
538817,538819,ECHO VALLEY RANCH INC,Approved,"Jan 12, 2024",205 NEVADA STREET,AUBURN,95604,CA,
556501,556504,"EL GRANERO FEED & PET
SUPPLIES",Approved,"Jan 12, 2024",2228 CHURCH LN,SAN PABLO,94806,CA,"CONTRA
COSTA"
553502,553503,EL GRANERO FEED & PETS INC,Expired,"Mar 6, 2023",15700 S. ATLANTIC AVE,COMPTON,90242,CA,
550294,550296,EL RANCHO FEED STORE,Expired,"Jan 20, 2023",10368 US HWY 395,HESPERIA,92344,CA,"SAN
BERNARDIN
O"
12593,22074,ELM AVENUE FEED,Approved,"Feb 21, 2024",3595 S ELM AVE,FRESNO,93706-5641,,
550160,550184,ELM AVENUE FEED SELMA,Approved,"Feb 23, 2024",2250 S. ARRANTS ST,SELMA,93662,CA,FRESNO
12568,22044,ELSTON HAY & GRAIN INC,Expired,"Mar 21, 2023",2220 MAIN ST,RAMONA,92065-2530,CA,
12568,866754,ELSTON HAY & GRAIN INC,Expired,"Mar 21, 2023",14277 GARDEN RD,POWAY,92064,CA,SAN DIEGO
12693,22185,ESCALON FEED & SUPPLY INC,Approved,"Jan 3, 2024",17407 ESCALON-BELLOTA RD,ESCALON,95320-9558,CA,
12612,22094,"ESCONDIDO FEED AND PET
SUPPLY",Approved,"Jan 23, 2024",649 ROCK SPRINGS RD,ESCONDIDO,92025-1673,CA,SAN DIEGO
12424,21874,ETIWANDA HAY & GRAIN,Approved,"Feb 23, 2024",5540 ETIWANDA AVE,MIRA LOMA,91752-2258,CA,
12663,22150,EVANGELHO SEED CO INC,Approved,"Jan 4, 2024",9085 19 1/2 AVE,LEMOORE,93245,CA,KINGS
12425,21875,"EVANS FEED & LIVESTOCK
SUPPLY INC",Approved,"Feb 13, 2024",241 SOUTH E ST,MADERA,93638-3738,CA,
12425,21876,"EVANS FEED & LIVESTOCK
SUPPLY INC",Approved,"Feb 13, 2024",79 W ORANGE AVE,PORTERVILLE,93257-4636,CA,TULARE
12425,21877,"EVANS FEED & LIVESTOCK
SUPPLY INC",Approved,"Feb 13, 2024",24148 ROBERTSON BLVD,CHOWCHILLA,93610-9058,CA,
866334,866335,FARMERS FEED CO,Approved,"Feb 26, 2024",1302 E MINER AVE,STOCKTON,95205,CA,"SAN
JOAQUIN"
12535,22005,"FARMERSVILLE FEED &
WESTERN WEAR",Expired,"Jun 14, 2022",876 N FARMERSVILLE BLVD,FARMERSVILLE,93223-1258,CA,
755111,755112,FARMVET.COM,Approved,"Feb 29, 2024",1254 OLD HILLSBORO ROAD,FRANKLIN,37069,TN,
880841,880842,FBN DIRECT,Approved,"Jan 29, 2024","1201 N 19TH AVE E BLDG 111A,
STE 1 AND 2",Newton,50208,IA,
745380,745419,FBN PHARMACY LLC,Expired,"Mar 4, 2022","1201 N 19TH AVE E, BUILDING
111A, SUITE 1 & 2",NEWTON,50208,IA,
625494,625520,"FEATHERLITE OF NORTHERN
CALIFORNIA INC",Approved,"Feb 23, 2024",13317 HWY 49,GRASS VALLEY,95949,CA,
12575,22053,FOOTHILL FEED & GIFT,Approved,"Jan 18, 2024",3293 TAYLOR RD,LOOMIS,95650-9582,CA,PLACER
539445,880751,FOOTHILL FEED AND GRAIN INC,Approved,"Jan 24, 2024",12260 VAN NUYS BLVD,SYLMAR,91342,CA,
471864,471927,FOX FEED INC,Approved,"Jan 23, 2024",17028 SIERRA HWY,"CANYON
COUNTRY",91351-1615,CA,"LOS
ANGELES"
556535,556537,FRED C. GILBERT CO,Approved,"Jan 16, 2024",106 NORRIS RD,BAKERSFIELD,93308,CA,
624939,625415,"FRESH MARKET PRODUCE DBA
DAVES HAY BARN",Approved,"Jan 16, 2024",1031 INDUSTRIAL STREET,SALINAS,93901,CA,MONTEREY
132511,139196,FRIZELLE ENOS FEEDS,Approved,"Feb 27, 2024",10035 MAIN STREET,PENNGROVE,94951,CA,
650722,650932,GANADO FEED,Expired,"Feb 23, 2022",945 LINCOLN AVE,SAN JOSE,95126,CA,"SANTA
CLARA"
856478,856499,GATEWAY HARDWARE,Expired,"Jul 6, 2022",6259 HIGHWAY 178,INYOKERN,93527,CA,
11594,22211,GENERAL FEED & SEED CO,Expired,"Mar 6, 2023",1900 B COMMERCIAL WY,SANTA CRUZ,95065-1844,CA,SANTA CRUZ
12611,22093,GENERAL FEED STORE,Expired,"Mar 6, 2023",32391 HWY 18,"LUCERNE
VALLEY",92356-0000,CA,
12566,22042,GENERATION WEST,Approved,"Jan 25, 2024",2951 DURFEE AVE STE F,EL MONTE,91732-3586,CA,"LOS
ANGELES"
12556,22031,"GEORGE'S FEED AND PET
SUPPLY",Approved,"Feb 23, 2024",1530 HUMPHREY DR,SUISUN CITY,94585-1958,CA,
156379,156386,GLADWIN A READ COMPANY,Expired,"Mar 24, 2021",23912 CEDAR HOLLOW MALL,WATERLOO,68069,NE,
875571,938663,GOLDEN STATE HAY INC,Approved,"Feb 27, 2024",1452 E. HARVARD BLVD,SANTA PAULA,93060,CA,
10736,855960,GRANGE COOP SUPPLY ASSN,Approved,"Jan 3, 2024",1262 STABLER LN,YUBA CITY,95993,CA,SUTTER
606213,606215,"GREEN FROG INC DBA VALLEY
SPRINGS FEED & PET SUPPLY",Approved,"Feb 29, 2024",10 MAIN STREET,VALLEY SPRINGS,95252,CA,
11314,207249,"GREEN VALLEY FARM SUPPLY
INC",Approved,"Jan 2, 2024",239-1 W RIVERSIDE,WATSONVILLE,95076,CA,SANTA CRUZ
11314,411435,"GREEN VALLEY FARM SUPPLY
INC",Approved,"Jan 2, 2024",159 GONZALES RIVER RD,GONZALES,93926-0950,CA,
545209,545211,GREENFIELD FEED STORE,Approved,"Feb 23, 2024",356 ELM AVE,GREENFIELD,93927,CA,MONTEREY
12444,21899,GRIFF'S FEED & SEED,Approved,"Jan 30, 2024",851 7TH ST,COLUSA,95932-2560,CA,
666097,675732,GROW WEST,Approved,"Jan 3, 2024",303 TALMAGE RD,UKIAH,95482,CA,MENDOCINO
619899,619901,HACIENDA HAY AND FEED,Expired,"Jan 16, 2019",7180 CARMEL VALLEY ROAD,CARMEL,93923,CA,
12670,22157,HALF MOON BAY FEED & FUEL,Expired,"Jul 29, 2022",331 MAIN ST,HALF MOON BAY,94019-1723,CA,
12570,22047,HAWES RANCH & FARM SUPPLY,Approved,"Jan 22, 2024",21923 DERSCH RD,ANDERSON,96007-8468,CA,
12570,22048,HAWES RANCH & FARM SUPPLY,Approved,"Jan 22, 2024",712 ASH ST,RED BLUFF,96080-3901,CA,TEHAMA
12493,21958,HAWTHORNE COUNTRY STORE,Approved,"Jan 3, 2024",675 W GRAND AVE,ESCONDIDO,92025-2503,CA,
12493,854889,HAWTHORNE COUNTRY STORE,Approved,"Jan 3, 2024",215 W FALLBROOK ST,FALLBROOK,92028,CA,SAN DIEGO
12493,854893,HAWTHORNE COUNTRY STORE,Approved,"Jan 3, 2024",10845 WOODSIDE AVE.,Escondido,92025,CA,
12682,22173,HEMME HAY & FEED INC,Approved,"Feb 23, 2024",43719 N SIERRA HWY,LANCASTER,93534-5328,CA,"LOS
ANGELES"
12682,22174,HEMME HAY & FEED INC,Approved,"Feb 23, 2024",20616 SOUTH ST,TEHACHAPI,93561-8651,CA,
12448,539536,HENCO PET/VET DISTRIBUTORS,Approved,"Jan 10, 2024",11025 FLEETWOOD STREET,SUN VALLEY,91352,CA,"LOS
ANGELES"
12553,22027,HERNANDEZ FEED AND GRAIN,Approved,"Jan 4, 2024",8897 MISSION BLVD,JURUPA VALLEY,92509-2809,CA,
12449,21904,"HESPERIA VETERINARY SUPPLY
INC",Approved,"Feb 21, 2024",11960 HESPERIA RD,HESPERIA,92345-1851,CA,"SAN
BERNARDIN
O"
871975,871976,HFM LLC,Approved,"Feb 20, 2024",5075 S BRADLEY ST SUITE 211,SANTA MARIA,93456,CA,
12457,21914,HIGBY'S COUNTRY FEED INC,Approved,"Jan 9, 2024",8470 CURREY RD,DIXON,95620-9707,CA,SOLANO
12559,22035,HIGHWAY 20 FEED,Approved,"Jan 10, 2024",31800 HWY 20,FORT BRAGG,95437-9275,CA,
627048,627050,HILMAR FEED & SUPPLY,Approved,"Jan 3, 2024",9038 LANDER AVE,HILMAR,95380,CA,
895243,895272,HORSE & TACK SUPPLY INC,Expired,"Jan 18, 2023",5088 KATELLA AVE,LOS ALAMITOS,90720,CA,
619718,619721,HORSETOWN TACK INC,Expired,"Feb 27, 2020",6675 BRENTWOOD BLVD,BRENTWOOD,94513,CA,"CONTRA
COSTA"
12657,22144,HUNT & BEHRENS INC,Approved,"Jan 3, 2024",30 LAKEVILLE HWY,PETALUMA,94952-3125,CA,
545939,854420,HY GAIN FEEDS PTY LTD,Approved,"Jan 12, 2024",10 HICKSON ROAD,OFFICER,3809,,
880469,880544,INLAND DAIRY SUPPLY INC,Expired,"Jan 3, 2023",4679 W PHILLIPS BLVD,ONTARIO,91762,CA,
12569,22045,INLAND VET SUPPLY,Approved,"Jan 30, 2024",1237 6TH ST #104,NORCO,92860-1467,CA,RIVERSIDE
12569,22046,INLAND VET SUPPLY,Approved,"Jan 30, 2024","32785 TEMECULA PARKWAY STE
120",TEMECULA,92592-6904,CA,
869530,869613,"IONE FEED AND RANCH SUPPLY
INC",Approved,"Jan 16, 2024",117 W. JACKSON STREET,IONE,95640,CA,AMADOR
12452,21907,J & J DAIRY SUPPLIES,Approved,"Feb 27, 2024",1290 BODEGA AVE,PETALUMA,94952-5718,CA,
930079,930080,J&K FEED,Expired,"Mar 13, 2023",16361 YUCCA,HESPERIA,92345,CA,"SAN
BERNARDIN
O"
882087,882110,"JACKSON HOLE HORSE
EMPORIUM",Approved,"Jan 26, 2024",50950 MADISON ST,INDIO,92201,CA,
882087,882111,"JACKSON HOLE HORSE
EMPORIUM",Approved,"Jan 26, 2024","3375 FOOTHILL RD, UNIT 1300",CARPINTERIA,93013,CA,"SANTA
BARBARA"
12578,22057,JB NEW FEED STORE,Approved,"Jan 29, 2024",16036 ARROW BLVD,FONTANA,92335-3243,CA,
551887,551889,JD REDHOUSE AND CO,Approved,"Feb 23, 2024",212 S. MAIN ST.,WILLITS,95490,CA,
564573,564579,JEDDS BIRD SUPPLIERS INC,Approved,"Jan 12, 2024",2946 E. CORONADO STREET,ANAHEIM,92806,CA,
800182,800193,JEFFERS INC,Approved,"Jan 9, 2024",310 W SAUNDERS ROAD,DOTHAN,36302-0100,AL,
550303,550305,JESSES PET & FEED,Expired,"Mar 6, 2023",111 AMADOR AVE,MODESTO,95350,CA,
880251,884799,JJ&N INC,Expired,"Jan 5, 2023",4120 MAINE AVE,SAN PEDRO,90731,CA,"LOS
ANGELES"
251519,251520,JOE'S COUNTRY FEED & PET,Approved,"Feb 23, 2024",27847 VALLEY CENTER ROAD,VALLEY CENTER,92082,CA,
709598,709599,"JOHN'S DAIRY AND POOL
SUPPLY",Approved,"Mar 8, 2024",1305 PETALUMA BLVD NORTH,PETALUMA,94952,CA,SONOMA
12383,21826,JONES FEED & CATTLE CO,Expired,"Apr 6, 2019",7031 EASTSIDE RD,REDDING,96001-5311,CA,
12678,22167,KAHOOTS INC,Approved,"Jan 10, 2024",10360 MASON ST,CHATSWORTH,91311-3305,CA,"LOS
ANGELES"
12678,22168,KAHOOTS INC,Approved,"Jan 10, 2024",41711 IVY ST,MURRIETA,92562-9408,CA,
12678,22169,KAHOOTS INC,Approved,"Jan 10, 2024",16851 VAN BUREN BLVD,RIVERSIDE,92504-5890,CA,RIVERSIDE
12678,336019,KAHOOTS INC,Approved,"Jan 10, 2024",1004 6TH STREET,NORCO,92860,CA,
12678,537069,KAHOOTS INC,Approved,"Jan 10, 2024",360 HIGH STREET,MOORPARK,93021,CA,VENTURA
12678,606882,KAHOOTS INC,Approved,"Jan 10, 2024",2020 MAIN STREET,RAMONA,92065,CA,
12678,667022,KAHOOTS INC,Approved,"Jan 10, 2024",14466 MAIN STREET STE. F,HESPERIA,92345,CA,RIVERSIDE
856218,856219,KERN RIVER FEED AND HAY,Renew,"Jun 29, 2022",6400 LAKE ISABELLA BLVD,LAKE ISABELLA,93240,CA,
12461,21919,KINGS DAIRY SUPPLY INC,Approved,"Jan 2, 2024",5835 13TH AVE,HANFORD,93230-9790,CA,KINGS
12461,21921,KINGS DAIRY SUPPLY INC,Approved,"Jan 2, 2024",5835 13TH AVE,HANFORD,93230-9790,CA,
12461,839502,KINGS DAIRY SUPPLY INC,Approved,"Jan 2, 2024",5835 13TH AVE,HANFORD,93230,CA,KINGS
12461,839504,KINGS DAIRY SUPPLY INC,Approved,"Jan 2, 2024",5835 13TH AVE,HANFORD,93230,CA,
12461,839505,KINGS DAIRY SUPPLY INC,Approved,"Jan 2, 2024",5835 13TH AVE,HANFORD,93230,CA,KINGS
12461,986447,KINGS DAIRY SUPPLY INC,Approved,"Jan 31, 2024",5835 13TH AVE.,HANFORD,93230,CA,
12461,986450,KINGS DAIRY SUPPLY INC,Approved,"Jan 31, 2024",5835 13TH AVE.,Hanford,93230,CA,KINGS
12462,21924,KRUSE FEED & SUPPLY INC,Approved,"Feb 29, 2024",2300 E LAMBERT RD,LA HABRA,90631-5748,CA,
868131,871069,"KUSHMAN'S FEED & FARM
SUPPLY",Expired,"Jan 31, 2023",4475 BUCK OWENS BOULEVARD,BAKERSFIELD,93308,CA,KERN
945945,946369,L & O FEED & SUPPLY LLC,Expired,"Jul 12, 2023",717 E CHILD’S AVE,Merced,95341,CA,
11840,22212,L A HEARNE CO,Approved,"Feb 22, 2024",524 METZ RD,KING CITY,93930-2503,CA,MONTEREY
11840,22213,L A HEARNE CO,Approved,"Feb 22, 2024",8525 PRUNEDALE NORTH RD,PRUNEDALE,93907-8890,CA,
891262,892832,"LA HACIENDA PET SHOP &
ACCESSORIES",Approved,"Jan 2, 2024",2534 E ALONDRA BLVD,COMPTON,90745,CA,"LOS
ANGELES"
879999,880435,"LAKE MATHEWS FEED & RANCH
SUPPLIES",Expired,"Jan 3, 2023",17679 CAJALCO ROAD,PERRIS,92570,CA,
12463,21925,LAKESHORE FEED & GRAIN,Approved,"Feb 23, 2024",14590 LAKESHORE DR,CLEARLAKE,95422-8100,CA,LAKE
737871,737872,LAMBERT VET SUPPLY,Approved,"Jan 9, 2024",714 5TH ST,FAIRPLAY,68352,NE,
12464,21926,"LANDER VETERINARY CLINIC
INC",Expired,"Mar 6, 2023",4512 S WALNUT RD,TURLOCK,95380-9654,CA,STANISLAUS
10769,22229,LARSEN FEED STORE,Approved,"Feb 23, 2024",7400 GRAVENSTEIN HWY,COTATI,94931-9780,CA,
12465,21927,LEES' FEED & WESTERN STORE,Approved,"Jan 9, 2024",4110 MOTHER LODE DR,"SHINGLE
SPRINGS",95682-9750,CA,EL DORADO
12465,21928,LEES' FEED & WESTERN STORE,Approved,"Jan 9, 2024",18503 N HWY 88,LOCKEFORD,95237,CA,
900206,901689,LEO'S HAY & GRAIN SALES,Approved,"Feb 27, 2024",13107 S. CAMPUS AVE,ONTARIO,91761,CA,"SAN
BERNARDIN
O"
10805,22231,"LINDA'S FEED AND SUPPLIES
INC",Approved,"Mar 5, 2024",1234 SIXTH ST,NORCO,92860-1447,CA,
257402,257405,"LIVERMORE FEED AND PET
SUPPLY",Approved,"Jan 16, 2024",3170 4TH STREET,LIVERMORE,94550,CA,ALAMEDA
12472,21935,LOMITA FEED INC,Approved,"Jan 3, 2024",24403 NARBONNE AVE,LOMITA,90717-1134,CA,
12581,22062,LONG VALLEY FEED & SUPPLY,Approved,"Mar 7, 2024",400 BRANSCOMB RD,LAYTONVILLE,95454-0000,CA,MENDOCINO
421054,421056,LONGHORN FEED & SUPPLY,Approved,"Feb 29, 2024",5092 N ACADEMY AVE,CLOVIS,93619,CA,
854696,854842,LOPEZ FEED LLC,Approved,"Jan 2, 2024",6739 N SANTA FE DRIVE,WINTON,95388,CA,MERCED
12475,21938,LOS ANGELES HONEY CO,Approved,"Mar 7, 2024",1559 FISHBURN AVE,LOS ANGELES,90063-2503,CA,
191483,249274,"LOS ARCOS LIVESTOCK FEED
STORE",Approved,"Jan 31, 2024",8162 HALLWOOD BLVD,MARYSVILLE,95901,CA,YUBA
625418,625424,M & M FEED SUPPLY INC,Approved,"Feb 23, 2024",74540 HILL ROAD,COVELO,95428,CA,
10590,744702,MANN LAKE LTD,Approved,"Jan 12, 2024",500 SANTA ANITA DR,WOODLAND,95776,CA,YOLO
12480,550299,MARIPOSA FEED & SUPPLY CO,Expired,"Feb 23, 2022",5145 HWY 140,MARIPOSA,95338,CA,
827441,872209,MARY'S TACK AND FEED,Approved,"Jan 3, 2024",3675 VIA DE LA VALLE,DEL MAR,92014,CA,SAN DIEGO
587972,587974,MAYTEN STORE #2,Approved,"Feb 29, 2024",7126 HWY A12,MONTAGUE,96067,CA,
12564,22040,MC ABEE FEED,Approved,"Feb 23, 2024",71A MCCLOSKEY RD,HOLLISTER,95023-9388,CA,SAN BENITO
12696,284210,MCARTHUR FARM SUPPLY INC,Approved,"Jan 3, 2024",44358 HWY 299 E,MCARTHUR,96056,CA,
855930,855939,MCCLARREN RANCH SUPPLY,Expired,"Apr 25, 2023",434 OPHIR ROAD,OROVILLE,95966,CA,BUTTE
12483,21948,"MCCOY'S COUNTRY FEED &
FARM SUPPLY",Approved,"Feb 23, 2024",25483 US HWY 58,BARSTOW,92311-9783,CA,
10780,22230,MCHENRY FEED INC,Approved,"Mar 7, 2024",17415 US HWY 108,JAMESTOWN,95327-9764,CA,TUOLUMNE
881687,881738,MEAD VALLEY FEED,Expired,"Jan 3, 2023",21623 CAJALCO RD,PERRIS,92585,CA,
606152,606154,MELVIN T. WHEELER & SONS LP,Approved,"Feb 23, 2024",5301 WOODLAND AVE,MODESTO,95358,CA,STANISLAUS
12562,938359,MIDWAY FEED INC,Approved,"Feb 8, 2024",7194 MISSION BLVD,RIVERSIDE,92335,CA,
12487,21952,MIRA LOMA FEED & HARDWARE,Approved,"Feb 23, 2024",4742 TROTH ST,JURUPA VALLEY,91752-1843,CA,RIVERSIDE
828966,828967,MODESTO FEED INC,Approved,"Feb 23, 2024",5437 MCHENRY AVE,MODESTO,95356,CA,
12615,945075,"MONIGHETTI'S ONE STOP
LIVESTOCK SUPPLIES INC",Approved,"Jan 30, 2024",37 Industrial Way,Buellton,93427,CA,"SANTA
BARBARA"
12608,22090,MOORPARK HAY CO,Approved,"Feb 23, 2024",433 MOORPARK AVE,MOORPARK,93021-1850,CA,
12473,70280,MORRIS LEVIN & SON,Approved,"Feb 27, 2024",1816 SOUTH K STREET,TULARE,93274,CA,TULARE
452282,874390,MWI ANIMAL HEALTH,Approved,"Feb 27, 2024","8900 W HURLEY AVE, SUITE 101",VISALIA,93291,CA,
693941,694140,NATIONAL ROPERS SUPPLY,Approved,"Jan 3, 2024",188 CR 4226,DECATUR,76234,TX,
12497,21962,NILSEN CO,Approved,"Jan 29, 2024",502 BROADWAY,EUREKA,95501-0119,CA,
12497,21963,NILSEN CO,Approved,"Jan 29, 2024",1593 MARKET ST,FERNDALE,95536-9558,CA,HUMBOLDT
12499,517157,OAKDALE FEED & SEED,Approved,"Feb 27, 2024",147 N SIERRA AVE,OAKDALE,95361,CA,
875361,875381,OJAI VALLEY FEED,Approved,"Jan 12, 2024",1114 TICO RD,OJAI,93023,CA,VENTURA
12443,21898,OXNARD FEED AND SEED,Expired,"Mar 17, 2022",1417 S OXNARD BLVD,OXNARD,93030-7423,CA,
12503,21969,PALO CEDRO FEED INC,Approved,"Feb 23, 2024",22020 OLD 44 DR,PALO CEDRO,96073-8707,CA,SHASTA
12428,21881,PARKWAY FEED,Approved,"Feb 23, 2024",1645 PARKWAY DR,CRESCENT CITY,95531-8516,CA,
844275,844347,"PEDLEY VET TACK AND FEED
SUPPLY",Expired,"May 25, 2023",8978 LIMONITE AVE,RIVERSIDE,92509,CA,RIVERSIDE
906906,911988,"PELAYO FEED AND GRAIN #1
INC",Expired,"Feb 7, 2023",6157 MISSION BLVD,JURUPA VALLEY,92509,CA,
906909,912291,"PELAYO FEED AND GRAIN #2
INC",Expired,"Feb 8, 2023",2089 N MOUNT VERNON AVE,"SAN
BERNARDINO",92411,CA,"SAN
BERNARDIN
O"
884153,904755,PERRIS VALLEY FEED INC,Expired,"Jan 27, 2023",20850 SAGE ST,,92570,,
737870,737874,PET SUPPLIES 4 LESS,Approved,"Jan 9, 2024",714 5TH STREET,FAIRPLAY,68352,NE,
710321,710324,PETOPIA INC DBA PET N JOY,Approved,"Feb 23, 2024",1005 W REDONDO BEACH BLVD,GARDENA,90247,CA,
12511,21977,PLACER COUNTY FARM SUPPLY,Approved,"Jan 3, 2024",10120 OPHIR RD,NEWCASTLE,95658-9504,CA,PLACER
12574,22052,POMONA FEED,Approved,"Feb 23, 2024",3895 E MISSION BLVD,POMONA,91766-3964,CA,
858803,859023,POPLARFEED,Approved,"Jan 12, 2024",14417 ROAD 192,PORTERVILLE,93257,CA,TULARE
12512,21978,PORTERVILLE FEED INC,Approved,"Feb 23, 2024",20 S D ST,PORTERVILLE,93257-4715,CA,
912633,969091,"POWDER CREEK RANCH
SUPPLY INC",Approved,"Jan 16, 2024",641 H STREET,LINCOLN,95648,CA,PLACER
519812,519815,"PREMIER AG PRODUCTS &
SERVICES INC",Approved,"Feb 29, 2024",1041 PASO ROBLES ST.,PASO ROBLES,93446,CA,
12530,22000,R & L FEED,Expired,"Mar 6, 2023",11708 S EAST END AVE,CHINO,91710-1559,CA,"SAN
BERNARDIN
O"
12585,22066,R & S LIVESTOCK SUPPLY INC,Approved,"Jan 2, 2024",2028 MARKET ST,FERNDALE,95536-9558,CA,
12470,21933,RAFTER D RANCH,Expired,"Mar 27, 2023",8400 BYRON HWY,BRENTWOOD,94513-3927,CA,"CONTRA
COSTA"
847772,986753,RANCHO FEED & PET INC,Approved,"Feb 1, 2024",8625 BASELINE ROAD,"Rancho
Cucamonga",91730,CA,
12616,614715,"RANCHO VET TACK & FEED
SUPPLY",Approved,"Jan 3, 2024",625 W ESPLANADE AVE,HEMET,92543,CA,RIVERSIDE
12630,22113,"REDWAY FEED GARDEN & PET
SUPPLY",Expired,"Mar 3, 2021",290 BRICELAND RD,REDWAY,95560-0000,CA,
579336,579342,REVIVAL ANIMAL HEALTH,Approved,"Jan 9, 2024",1700 ALBANY PLACE SE,ORANGE CITY,51041,IA,
12664,22151,"REYNOLDS RANCH & FARM
SUPPLY",Approved,"Jan 9, 2024",501 MADISON ST,RED BLUFF,96080-3411,CA,
627053,627054,RICHFIELD FEED AND SUPPLY,Approved,"Jan 9, 2024",5605 HWY 99W,CORNING,96021,CA,TEHAMA
895815,897214,RIDING WAREHOUSE,Renew,"Jan 19, 2023",181 SUBURBAN RD,SAN LUIS OBISPO,93401,CA,
12694,22186,"RIVER VALLEY FEED & PET
SUPPLY",Approved,"Jan 3, 2024",6549 16TH ST,RIO LINDA,95673-3624,CA,"SACRAMENT
O"
10277,22142,"RIVERTOWN FEED & PET
COUNTRY STORE INC",Approved,"Jan 9, 2024",200 1ST ST,PETALUMA,94952-4283,CA,
875558,875562,"ROBINSON'S FEED AND FARM
SUPPLY",Approved,"Feb 27, 2024",1150 E VICTOR RD,LODI,95240,CA,"SAN
JOAQUIN"
556572,556575,ROSALES FEED AND SUPPLY,Expired,"Feb 18, 2022",2216 FAIRVIEW DR,CERES,95351,CA,
173229,173230,ROUND UP FEED,Approved,"Feb 23, 2024",31705 WILDOMAR TRAIL,WILDOMAR,92595-9283,CA,RIVERSIDE
12594,937062,SAN DIMAS GRAIN,Expired,"May 8, 2023",142 west bonita,san dimas,91773,CA,
12026,22216,"SAN LUIS OBISPO COUNTY
FARM SUPPLY CO",Approved,"Jan 23, 2024",224 TANK FARM RD,SAN LUIS OBISPO,93401-7508,CA,"SAN LUIS
OBISPO"
12026,22217,"SAN LUIS OBISPO COUNTY
FARM SUPPLY CO",Approved,"Jan 23, 2024",2450 RAMADA DRIVE,PASO ROBLES,93446,CA,
12026,22218,"SAN LUIS OBISPO COUNTY
FARM SUPPLY CO",Approved,"Jan 23, 2024",1920 N BROADWAY,SANTA MARIA,93454-1102,CA,"SANTA
BARBARA"
12026,22219,"SAN LUIS OBISPO COUNTY
FARM SUPPLY CO",Approved,"Jan 23, 2024",1079 EL CAMINO REAL,"ARROYO
GRANDE",93420-2518,CA,
12026,145496,"SAN LUIS OBISPO COUNTY
FARM SUPPLY CO",Approved,"Jan 23, 2024",700 MCMURRAY,BUELLTON,93427,CA,"SANTA
BARBARA"
856891,933223,SAN YSIDRO FEED & SUPPLY,Expired,"Mar 20, 2023",109 W. SAN YSIDRO BLVD,SAN YSIDRO,92173,CA,
433666,517624,SANTA CRUZ ANIMAL HEALTH,Approved,"Jan 12, 2024",3600 DRY CREEK ROAD,PASO ROBLES,93446,CA,"SAN LUIS
OBISPO"
433666,898473,SANTA CRUZ ANIMAL HEALTH,Approved,"Jan 12, 2024",10410 FINNELL ST,DALLAS,75220,TX,
433666,898474,SANTA CRUZ ANIMAL HEALTH,Approved,"Jan 12, 2024",10444 N STEMMONS,DALLAS,75220,TX,
977737,977743,SANTA MARGARITA FEED,Approved,"Jan 2, 2024",22423 EL CAMINO REAL,Santa Margarita,93453,CA,
12527,21997,"SANTA MARGARITA FEED &
FARM SUPPLY",Expired,"Sep 8, 2010",22423 EL CAMINO REAL,"SANTA
MARGARITA",93453-0000,CA,"SAN LUIS
OBISPO"
10898,542328,"SANTA YNEZ FEED & MILLING
CO INC",Expired,"Mar 16, 2021",3532 SAGUNTO STREET,SANTA YNEZ,93460,CA,
553514,553521,SCOTTS VALLEY FEED,Approved,"Jan 4, 2024",5470 SCOTTS VALLEY DR.,SCOTTS VALLEY,95066,CA,SANTA CRUZ
12324,837291,SHAPLEY LTD,Expired,"Jan 20, 2022",11650 Chitwood Drive,FORT MYERS,33908,FL,
10350,22200,"SHASTA FARM & EQUIPMENT
INC",Approved,"Jan 3, 2024",3748 MAIN ST,COTTONWOOD,96022-9786,CA,SHASTA
12532,517155,SHELDON FEED & SUPPLY,Approved,"Feb 27, 2024",8928 GRANT LINE ROAD,ELK GROVE,95624,CA,
12613,542057,SIERRA HAY & FEED INC,Approved,"Feb 29, 2024",1301 LINCOLN BLVD,LINCOLN,95648,CA,PLACER
517411,517415,SILVA'S HAY AND GRAIN,Approved,"Mar 7, 2024",12310 SANTA TERESA BLVD,SAN MARTIN,95046,CA,
435590,435591,SIMPLY COUNTRY,Expired,"Apr 8, 2021",10110 HARVEST LANE,"ROUGH AND
READY",95975,CA,NEVADA
10906,606264,SISKIYOU PELLET MILL,Approved,"Feb 29, 2024",704 HIGHWAY A-12,GRENADA,96038,CA,
12364,755117,SMARTPAK EQUINE LLC,Expired,"Mar 22, 2023",40 GRISSOM ROAD,PLYMOUTH,2360,MA,
649359,649360,SMITH FEED SUPPLY,Expired,"Mar 12, 2019",1732 HARVEST ROAD,PLEASANTON,94566,CA,
875183,875974,SOCAL HAY & GRAIN,Expired,"Apr 18, 2023",129 S. INEZ STREET,HEMET,92543,CA,RIVERSIDE
875183,937157,SOCAL HAY & GRAIN,Expired,"Apr 18, 2023",20651 PALOMAR ST,WILDOMAR,92595,CA,
12534,22004,"SONOMA-MARIN VETERINARY
SERVICE",Approved,"Jan 2, 2024",1120 INDUSTRIAL AVE STE 13-14,PETALUMA,94952-6503,CA,SONOMA
965232,965317,"SOUTH AVENUE INC DBA SOUTH
AVENUE ACE",Approved,"Jan 2, 2024",2060 SOUTH AVE,Corning,96021,CA,
12523,21990,"SOUTHERN CALIFORNIA DAIRY
EQUIPMENT",Expired,"Jan 31, 2023",7000 MERRILL AVE BLDG. A320,CHINO,91710-9027,CA,"SAN
BERNARDIN
O"
12536,22006,SPENCE RANCH FEED & SUPPLY,Approved,"Jan 2, 2024",1291 N HWY 49,ALTAVILLE,95221-0000,CA,
12059,22220,STANISLAUS FARM SUPPLY CO,Approved,"Jan 3, 2024",624 E SERVICE RD,MODESTO,95358-9402,CA,STANISLAUS
12059,22221,STANISLAUS FARM SUPPLY CO,Approved,"Jan 3, 2024",674 SOUTH HWY 59,MERCED,95340-6928,CA,
12059,847591,STANISLAUS FARM SUPPLY CO,Approved,"Jan 3, 2024",1160 G ST,LOS BANOS,93635,CA,MERCED
463774,463775,STOCKMEN'S SUPPLY,Expired,"Jun 7, 2017",802 MAIN AVE W,W FARGO,58078,ND,
854189,866772,STRATHMORE FEED & PETS,Expired,"Nov 3, 2023",19744 ORANGE BELT DRIVE,STRATHMORE,93267,CA,TULARE
12654,22141,SUTTER ORCHARD SUPPLY,Approved,"Feb 29, 2024",573 BRIDGE ST,YUBA CITY,95991-3860,CA,
12660,22147,"TECUYA FEED & ANIMAL
SUPPLY",Expired,"Mar 12, 2019",3105 D MT PINOS WY,FRAZIER PARK,93222,CA,KERN
185054,974923,TEST FIRM & TEST,Expired,"Feb 1, 2024",123 Hi,Hello,95833,CA,
185054,978277,TEST FIRM & TEST,Approved,"Feb 1, 2024",test,TEST,t,AK,
185054,978278,TEST FIRM & TEST,Approved,"Jan 2, 2024",test,TEST,t,,
892841,893733,THE CORNER HAY AND FEED,Expired,"Jan 13, 2023",10525 BARSTOW RD,"LUCERNE
VALLEY",92356,CA,"SAN
BERNARDIN
O"
880537,880568,THE FEED BARN,Expired,"Feb 3, 2023",5727 PHELAN ROAD,PHELAN,92371,CA,
10351,22201,THE FEED LOT INC,Approved,"Feb 23, 2024",85-980 GRAPEFRUIT BLVD,COACHELLA,92236-1801,CA,RIVERSIDE
556540,556541,THE FEED STORE INC,Approved,"Mar 5, 2024",265 PETALUMA AVE,SEBASTOPOL,95472,CA,
12510,21976,THE GRAINERY,Expired,"Feb 13, 2020",400 S UNION AVE,BAKERSFIELD,93307-3673,CA,KERN
710200,710213,THE HAY BARN,Approved,"Mar 7, 2024","10101 STREETER ROAD, SUITE J",AUBURN,95602,CA,
12446,21901,THE HAY CO,Expired,"Mar 6, 2023",10470 E MCKINLEY AVE,SANGER,93657-9424,CA,FRESNO
12599,22080,THE HAY WAGON INC,Approved,"Jan 10, 2024",834 6TH ST,ORLAND,95963-1630,CA,
550754,550819,"THE LIVERY FEED & RANCH
SUPPLY",Approved,"Feb 22, 2024",2537 MAIN STREET,RAMONA,92065,CA,SAN DIEGO
12450,21905,"THE ROUND UP FEED AND PET
SUPPLY",Expired,"Feb 7, 2023",5805 ROSEDALE HWY,BAKERSFIELD,93308-5933,CA,
628472,628494,THURSTON CLUB LAMBS,Expired,"Jan 31, 2022",11223 ORCHARD ROAD,WAYNESBORO,17268,PA,
628472,840602,THURSTON CLUB LAMBS,Expired,"Jan 31, 2022",8701A ROCKY RIDGE ROAD,ROCKY RIDGE,21778,MD,
308239,308338,TOMS HAY FARM,Approved,"Jan 2, 2024",1790 W. HWY 98,CALEXICO,92231,CA,IMPERIAL
12602,891724,TONY'S HAY & GRAIN LLC,Approved,"Jan 26, 2024",1375 6TH ST,NORCO,92860,CA,
10230,135641,TRACTOR SUPPLY CO,Approved,"Jan 9, 2024",1700 BELL LANE,ATWATER,95301,CA,MERCED
10230,135642,TRACTOR SUPPLY CO,Approved,"Jan 9, 2024",2749 CALLOWAY DR. SUITE 560,BAKERSFIELD,93312,CA,
10230,135643,TRACTOR SUPPLY CO,Approved,"Jan 9, 2024","2475 DR MARTIN LUTHER KING
JR PKWY",CHICO,95928,CA,BUTTE
10230,135656,TRACTOR SUPPLY CO,Approved,"Jan 9, 2024",1630 HERNDON AVENUE,CLOVIS,93611,CA,
10230,135657,TRACTOR SUPPLY CO,Approved,"Jan 9, 2024",2000 NORTH 1ST STREET,DIXON,95620,CA,SOLANO
10230,135658,TRACTOR SUPPLY CO,Approved,"Jan 9, 2024",10520 TWIN CITIES ROAD,GALT,95632,CA,
10230,135659,TRACTOR SUPPLY CO,Approved,"Jan 9, 2024",6881 CAMERON BLVD,GILROY,95020,CA,"SANTA
CLARA"
10230,135696,TRACTOR SUPPLY CO,Approved,"Jan 9, 2024",1131 W PACHECO,LOS BANOS,93635,CA,
10230,135715,TRACTOR SUPPLY CO,Approved,"Jan 9, 2024",1580 EAST F STREET,OAKDALE,95361,CA,STANISLAUS
10230,135729,TRACTOR SUPPLY CO,Approved,"Jan 9, 2024",2000 FEATHER RIVER BLVD,OROVILLE,95965,CA,
10230,135732,TRACTOR SUPPLY CO,Approved,"Jan 9, 2024",249 S MAIN STREET,RED BLUFF,96080,CA,TEHAMA
10230,135733,TRACTOR SUPPLY CO,Approved,"Jan 9, 2024",5450 MOUNTAIN VIEW DRIVE,REDDING,96003,CA,
10230,135736,TRACTOR SUPPLY CO,Approved,"Jan 9, 2024",860 N JACK TONE ROAD,RIPON,95366,CA,SHASTA
10230,135737,TRACTOR SUPPLY CO,Approved,"Jan 9, 2024",14879 MONO WAY,SONORA,95370,CA,
10230,135738,TRACTOR SUPPLY CO,Approved,"Jan 9, 2024",1949 E PROSOERITY,TULARE,93274,CA,TULARE
10230,135739,TRACTOR SUPPLY CO,Approved,"Jan 9, 2024",201 N WALNUT ROAD,TURLOCK,95380,CA,
10230,135741,TRACTOR SUPPLY CO,Approved,"Jan 9, 2024",1248 AIRPORT PARK ROAD,UKIAH,95482,CA,MENDOCINO
10230,135742,TRACTOR SUPPLY CO,Approved,"Jan 9, 2024",1000 AMERICAN WAY,WINDSOR,95492,CA,
10230,135743,TRACTOR SUPPLY CO,Approved,"Jan 9, 2024",1390 E MAIN STREET,WOODLAND,95776,CA,YOLO
10230,135744,TRACTOR SUPPLY CO,Approved,"Jan 9, 2024",990 THARP ROAD,YUBA CITY,95993,CA,
10230,167204,TRACTOR SUPPLY CO,Approved,"Jan 9, 2024",2000 LAKEVILLE HWY STE A,PETALUMA,94954-6711,CA,SONOMA
10230,192429,TRACTOR SUPPLY CO,Approved,"Jan 9, 2024",773 S. STATE HWY 49,JACKSON,95642,CA,
10230,204627,TRACTOR SUPPLY CO,Approved,"Jan 9, 2024",2800 RIVERSIDE AVE UNIT 103,PASO ROBLES,93446-1301,CA,"SAN LUIS
OBISPO"
10230,204628,TRACTOR SUPPLY CO,Approved,"Jan 9, 2024",3950 GRASS VALLEY HWY,AUBURN,95602,CA,
10230,261651,TRACTOR SUPPLY CO,Approved,"Jan 9, 2024",1360 BROADWAY,PLACERVILLE,95667,CA,EL DORADO
10230,283963,TRACTOR SUPPLY CO,Approved,"Jan 9, 2024",57980 29 PALMS HWY STE A,YUCCA VALLEY,92284,CA,
10230,287290,TRACTOR SUPPLY CO,Approved,"Jan 9, 2024",480 NORTH MILL ST,TEHACHAPI,93561,CA,KERN
10230,293266,TRACTOR SUPPLY CO,Approved,"Jan 9, 2024",8135 WATT AVE STE. 100,ANTELOPE,95843,CA,
10230,293903,TRACTOR SUPPLY CO,Approved,"Jan 9, 2024",1000 RIVER RANCH,FORTUNA,95540,CA,HUMBOLDT
10230,300502,TRACTOR SUPPLY CO,Approved,"Jan 9, 2024",3741 W FLORIDA AVE,HEMET,92545,CA,
10230,300505,TRACTOR SUPPLY CO,Approved,"Jan 9, 2024",1850 BRADSHAW DRIVE,EL CENTRO,92243,CA,IMPERIAL
10230,302237,TRACTOR SUPPLY CO,Approved,"Jan 9, 2024",203 HUNTER STREET,RAMONA,92065,CA,
10230,302238,TRACTOR SUPPLY CO,Approved,"Jan 9, 2024",1120 W EL MONTE WAY,DINUBA,93618,CA,TULARE
10230,309353,TRACTOR SUPPLY CO,Approved,"Jan 9, 2024",360 S CHEROKEE LANE,LODI,95240,CA,
10230,323657,TRACTOR SUPPLY CO,Approved,"Jan 9, 2024",1455 S MAIN ST,YREKA,96097,CA,SISKIYOU
10230,326100,TRACTOR SUPPLY CO,Approved,"Jan 9, 2024",2195 HAMNER AVE,NORCO,92860,CA,
10230,335861,TRACTOR SUPPLY CO,Approved,"Jan 9, 2024",1565 COUNTRY CLUB DRIVE,MADERA,93638,CA,MADERA
10230,335862,TRACTOR SUPPLY CO,Approved,"Jan 9, 2024",142 ROB'S WAY,SUSANVILLE,96130,CA,
10230,335863,TRACTOR SUPPLY CO,Approved,"Jan 9, 2024",27826 CLINTON KEITH RD,MURRIETA,92562,CA,RIVERSIDE
10230,335865,TRACTOR SUPPLY CO,Approved,"Jan 9, 2024","221 E HIGHWAY 246, UNIT 103",BUELTON,93424,CA,
10230,347571,TRACTOR SUPPLY CO,Approved,"Jan 9, 2024",1945 MARX WAY,ANDERSON,96007,CA,SHASTA
10230,350469,TRACTOR SUPPLY CO,Approved,"Jan 9, 2024",1625 W HAYDEN AVE,HANFORD,93230,CA,
10230,360759,TRACTOR SUPPLY CO,Approved,"Jan 9, 2024",580 AUTO CENTER DRIVE,WATSONVILLE,95076,CA,SANTA CRUZ
10230,381940,TRACTOR SUPPLY CO,Approved,"Jan 9, 2024",811 N HUMBOLDT,WILLOWS,95988,CA,
10230,381941,TRACTOR SUPPLY CO,Approved,"Jan 9, 2024",18123 COLLIER AVE,LAKE ELSINORE,92530,CA,RIVERSIDE
10230,406666,TRACTOR SUPPLY CO,Approved,"Jan 9, 2024",12543 MAIN STREET,HESPERIA,92345,CA,
10230,419373,TRACTOR SUPPLY CO,Approved,"Jan 9, 2024",120 TANK FARM ROAD,"SAN LOUIS
OBISPO",93401,CA,"SAN LUIS
OBISPO"
10230,435209,TRACTOR SUPPLY CO,Approved,"Jan 9, 2024",14140 OLDE HWY 80,EL CAJON,92021,CA,
10230,445488,TRACTOR SUPPLY CO,Approved,"Jan 9, 2024",397 W LOS ANGELES,MOORPARK,93021,CA,VENTURA
10230,457182,TRACTOR SUPPLY CO,Approved,"Jan 9, 2024",418 NAPA JUNCTION RD,"AMERICAN
CANYON",94503-1281,CA,
10230,457184,TRACTOR SUPPLY CO,Approved,"Jan 9, 2024",8800 BRENTWOOD BLVD,BRENTWOOD,94513,CA,"CONTRA
COSTA"
10230,457688,TRACTOR SUPPLY CO,Approved,"Jan 9, 2024",1060 CALIMESA BLVD.,CALIMESA,92320,CA,
10230,463843,TRACTOR SUPPLY CO,Approved,"Jan 9, 2024",1755 W HENDERSON AVE,PORTERVILLE,93257,CA,TULARE
10230,502070,TRACTOR SUPPLY CO,Approved,"Jan 9, 2024",911 S CHINA LAKE BLVD UNIT C,RIDGECREST,93555,CA,
10230,502073,TRACTOR SUPPLY CO,Approved,"Jan 9, 2024",2420 W MAIN ST,BARSTOW,92311,CA,"SAN
BERNARDIN
O"
10230,514866,TRACTOR SUPPLY CO,Approved,"Jan 9, 2024",43483 ANZA RD,TEMECULA,92592,CA,
10230,530991,TRACTOR SUPPLY CO,Approved,"Jan 9, 2024",6710 N BRAWLEY AVE,FRESNO,93711,CA,FRESNO
10230,534262,TRACTOR SUPPLY CO,Approved,"Jan 9, 2024",3747 E PALMDALE AVE,PALMDALE,93550,CA,
10230,543097,TRACTOR SUPPLY CO,Approved,"Jan 9, 2024",15930 DAMN RD UNIT C,CLEARLAKE,95422,CA,LAKE
10230,558568,TRACTOR SUPPLY CO,Approved,"Jan 9, 2024",6710 COLON ST.,BAKERSFIELD,93307,CA,
10230,563084,TRACTOR SUPPLY CO,Approved,"Jan 9, 2024",16904 W. SIERRA HWY.,"CANYON
COUNTRY",91351,CA,"LOS
ANGELES"
10230,572744,TRACTOR SUPPLY CO,Approved,"Jan 9, 2024",120 YUBA RIVER COURT,GRASS VALLEY,95945,CA,
10230,572778,TRACTOR SUPPLY CO,Approved,"Jan 9, 2024",625 M ST.,CRESCENT CITY,95531,CA,DEL NORTE
10230,582000,TRACTOR SUPPLY CO,Approved,"Jan 9, 2024",5251 MAD RIVER PARKWAY,ARCATA,95521,CA,
10230,582093,TRACTOR SUPPLY CO,Approved,"Jan 9, 2024",27444 VALLEY CENTER ROAD,VALLEY CENTER,92082,CA,SAN DIEGO
10230,616721,TRACTOR SUPPLY CO,Approved,"Jan 9, 2024",42625 JACKSON ST UNIT 100,INDIO,92203,CA,
10230,623744,TRACTOR SUPPLY CO,Approved,"Jan 9, 2024",20340 BEAR VALLEY RD,APPLE VALLEY,92308,CA,"SAN
BERNARDIN
O"
10230,664277,TRACTOR SUPPLY CO,Approved,"Jan 9, 2024",407 N. MAIN STREET,ANGELS CAMP,95222,CA,
10230,695818,TRACTOR SUPPLY CO,Approved,"Jan 9, 2024",17155 VAN BUREN BLVD,RIVERSIDE,92504,CA,RIVERSIDE
10230,701893,TRACTOR SUPPLY CO,Approved,"Jan 9, 2024",3018 JEFFERSON ROAD,JAMUL,91935,CA,
10230,701898,TRACTOR SUPPLY CO,Approved,"Jan 9, 2024",27330 EUCALYPTUS AVE,MORENO VALLEY,92555,CA,RIVERSIDE
10230,727718,TRACTOR SUPPLY CO,Approved,"Jan 9, 2024",6600 CLARK ROAD,PARADISE,95969,CA,
10230,727768,TRACTOR SUPPLY CO,Approved,"Jan 9, 2024",40245 HIGHWAY 49,OAKHURST,93644,CA,MADERA
10230,838074,TRACTOR SUPPLY CO,Approved,"Jan 9, 2024",882 S. COFEE ST,MERCED,95341,CA,
10230,842180,TRACTOR SUPPLY CO,Approved,"Jan 10, 2024",171 S FRONTAGE RD,NIPOMO,93444,CA,"SAN LUIS
OBISPO"
10230,852449,TRACTOR SUPPLY CO,Approved,"Jan 10, 2024",5651 LONETREE BLVD,ROCKLIN,95765-3735,CA,
10230,894784,TRACTOR SUPPLY CO,Approved,"Jan 10, 2024",7309 MURIETA DRIVE,"RANCHO
MURIETA",95683,CA,"SACRAMENT
O"
10230,933404,TRACTOR SUPPLY CO,Approved,"Jan 10, 2024",4470 GOLDEN FOOTHILL PKWY,"EL DORADO
HILLS",95762,CA,
10230,933686,TRACTOR SUPPLY CO,Approved,"Jan 10, 2024",914 COUNTY LINE RD,DELANO,93215,CA,KERN
10230,933689,TRACTOR SUPPLY CO,Approved,"Jan 10, 2024",2017 S MAIN ST,LAKEPORT,95453,CA,
10230,964175,TRACTOR SUPPLY CO,Approved,"Jan 10, 2024",648 W RIGGIN AVE,VISALIA,93291,CA,TULARE
10230,971671,TRACTOR SUPPLY CO,Approved,"Jan 10, 2024",4091 MITCHELL ROAD,CERES,95307,CA,
10230,981806,TRACTOR SUPPLY CO,Approved,"Jan 16, 2024",4177 W AVENUE L N.A.,Lancaster,93536,CA,"LOS
ANGELES"
10230,981811,TRACTOR SUPPLY CO,Approved,"Jan 16, 2024",71 SUNSET AVE,SUISUN CITY,94585,CA,
522788,522794,TRADING POST,Approved,"Feb 23, 2024",280 SOUTH MAIN,PIXLEY,93256,CA,TULARE
499800,499802,TRIKEE TACK,Approved,"Feb 29, 2024",1840 RIVERSIDE DR,GLENDALE,91201,CA,
12491,372375,"TURLOCK FEED AND LIVESTOCK
SUPPLY",Approved,"Jan 4, 2024",1331 FULKERTH RD,TURLOCK,95380,CA,STANISLAUS
517149,517152,"TWO AMIGOS WESTERN &
WORK WEAR CORP",Expired,"Apr 20, 2019",3853 MAIN STREET,OAKLEY,94561,CA,
12636,22123,UDDER FEED,Approved,"Feb 29, 2024",6236 CAMINO DEL REY,BONSALL,92003-4505,CA,SAN DIEGO
12588,22069,VALLEY DAIRY SUPPLY INC,Approved,"Feb 23, 2024",23616 WILLIAMS AVE,HILMAR,95324-604,CA,
517408,517409,VALLEY FEED,Approved,"Feb 27, 2024",121 N GATEWAY DR,MADERA,93637,CA,MADERA
924738,925026,VALLEY FEED & SUPPLY INC,Approved,"Jan 3, 2024",118 ALBERS ROAD,MODESTO,95357,CA,
523635,524025,VALLEY VET SUPPLY,Approved,"Jan 3, 2024",1118 PONY EXPRESS HWY,MARYSVILLE,66508,KS,
606013,606014,VAN DAM FARMS,Approved,"Jan 25, 2024",41955 50TH ST. WEST,QUARTZ HILL,93536,CA,
606013,606015,VAN DAM FARMS,Approved,"Jan 25, 2024",8010 PEARBLOSSIOM HWY,LITTLEROCK,93543,CA,"LOS
ANGELES"
606013,606016,VAN DAM FARMS,Approved,"Jan 25, 2024",8845 WEST AVE E-8,LANCASTER,93536,CA,
152416,398513,VANCO INDUSTRIES LLC,Approved,"Jan 2, 2024",799 W. 200 N.,PAUL,83347,ID,
12547,22018,"VENTURA FEED & PET SUPPLIES
INC",Approved,"Feb 22, 2024",980 EAST FRONT ST,VENTURA,93001-3017,CA,
842958,842965,VET PERFECT INC,Expired,"Feb 9, 2022",1580 NW BOCA RATON BLVD #9,BOCA RATON,33432,FL,
737716,737717,VET PROVISIONS,Approved,"Feb 29, 2024",1700 CANNON RD,NORTHFIELD,55057-1692,MN,
742211,743087,VETDEPOT,Renew,"Feb 8, 2023",8271 MELROSE AVE STE 103,Los Angeles,90046,CA,"LOS
ANGELES"
10934,22240,"VETERINARY
PHARMACEUTICALS INC",Approved,"Jan 18, 2024",MOBILE UNIT #1,HANFORD,93230-9666,CA,
10934,22241,"VETERINARY
PHARMACEUTICALS INC",Approved,"Jan 18, 2024",MOBILE UNIT #2,HANFORD,93230-9666,CA,KINGS
10934,22242,"VETERINARY
PHARMACEUTICALS INC",Approved,"Jan 18, 2024",MOBILE UNIT #3,HANFORD,93230-9666,CA,
10934,22243,"VETERINARY
PHARMACEUTICALS INC",Approved,"Jan 18, 2024",MOBILE UNIT #5,HANFORD,93230-9666,CA,KINGS
10934,22244,"VETERINARY
PHARMACEUTICALS INC",Approved,"Jan 18, 2024",MOBILE UNIT #6,HANFORD,93230-9666,CA,
10934,22245,"VETERINARY
PHARMACEUTICALS INC",Approved,"Jan 18, 2024",MOBILE UNIT #7,HANFORD,93230-9666,CA,KINGS
10934,22246,"VETERINARY
PHARMACEUTICALS INC",Approved,"Jan 18, 2024",MOBILE UNIT #8,HANFORD,93230-9666,CA,
10934,22247,"VETERINARY
PHARMACEUTICALS INC",Approved,"Jan 18, 2024",13159 13TH ROAD WEST,HANFORD,93230,CA,KINGS
12548,22021,VETERINARY SERVICE INC,Approved,"Jan 9, 2024",935 PALMYRITA AVE,RIVERSIDE,92507-1819,CA,
12548,477059,VETERINARY SERVICE INC,Approved,"Jan 9, 2024",2892 S ORANGE AVE,FRESNO,93725,CA,FRESNO
12548,625679,VETERINARY SERVICE INC,Approved,"Jan 9, 2024",1607 N PLAZA DR,VISALIA,93291-8887,CA,
874649,874804,"VICINIS FEED THE RANCHERS
OUTLET",Approved,"Jan 30, 2024",6980 STATE HWY 16,PLYMOUTH,95669,CA,AMADOR
12549,22023,VITAGOLD BRANDS CO-OP ASSN,Expired,"Jan 31, 2022",135 S QUINCE ST,ESCONDIDO,92025-4055,CA,
873102,873107,VIVIS FEED,Expired,"Nov 27, 2023",4409 CALIFORNIA AVE,NORCO,92860,CA,RIVERSIDE
744116,744117,"WEST TEXAS VETERINARIAN
SUPPLY",Approved,"Feb 29, 2024",431 N 7TH,ABILENE,79601,TX,
716098,716099,WEST VALLEY HORSE CENTER,Approved,"Feb 29, 2024",28339 AGOURA ROAD,AGOURA HILLS,91301,CA,"LOS
ANGELES"
12554,22028,WESTERN FARM CENTER,Approved,"Feb 29, 2024",21 WEST 7TH ST,SANTA ROSA,95401-6104,CA,
12555,566957,"WESTERN FEED AND PET
SUPPLY",Expired,"Feb 1, 2023",8980 GREENBACK LANE,ORANGEVALE,95662,CA,"SACRAMENT
O"
12555,567398,"WESTERN FEED AND PET
SUPPLY",Expired,"Feb 1, 2023",1600 34TH ST,SACRAMENTO,95662,CA,
12555,567400,"WESTERN FEED AND PET
SUPPLY",Expired,"Feb 1, 2023",5935 DON WAY,CARMICHAEL,95608,CA,"SACRAMENT
O"
259575,638154,WESTSIDE FARM AND FEED INC,Approved,"Feb 23, 2024",817 SWIFT STREET,SANTA CRUZ,95060,CA,
10827,97911,"WESTWAY FEED PRODUCTS
LLC",Approved,"Jan 16, 2024",2115 WASHINGTON STREET,STOCKTON,95203,CA,"SAN
JOAQUIN"
10827,97913,"WESTWAY FEED PRODUCTS
LLC",Approved,"Jan 16, 2024",515 NORTH 3RD STREET,EL CENTRO,92243,CA,
12649,112305,WHEELER RANCH & FEED,Expired,"Feb 3, 2023",3247 SMITH AVENUE,BIGGS,95917,CA,BUTTE
12410,21859,WHITTIER NARROWS FEED INC,Approved,"Feb 6, 2024",2668 PACIFIC PARK DR,WHITTIER,90601-1611,CA,
745493,745525,WILCO FARMERS,Approved,"Jan 4, 2024",1390 NORTH MCDOWELL BLVD,PETALUMA,94954,CA,SONOMA
745493,794343,WILCO FARMERS,Approved,"Jan 4, 2024",750 MONO WAY,SONORA,95370,CA,
12560,22036,WILD WEST FEED AND SUPPLY,Expired,"Jan 12, 2017",3030 WEST CAPITOL AVE,"WEST
SACRAMENTO",95691-2912,CA,"SACRAMENT
O"
12672,22159,WINDMILL FEED,Approved,"Feb 29, 2024",23354 COUNTY RD 95,WOODLAND,95695-9341,CA,
12684,70241,"WOODLAKE GROWERS SUPPLY
CO",Expired,"Feb 6, 2023",174 EAST NARANJO BLVD,WOODLAKE,93286,CA,TULARE
12502,21968,WYE ROAD FEED AND SUPPLY,Approved,"Feb 23, 2024",1260 NORTH MAIN ST,BISHOP,93514-2412,CA,
